,text,author,created_at,bio,generator,location,hashtags
0,"Psychics Jailed for Fraud: Will We Ever Learn?

A mother and daughter psychic team, who called themselves ‚Äúwhite squaw Cherokee Indian‚Äù spiritual healers, have been jailed after bilking two clients out of more than a million dollars...https://t.co/5k1XlwAI46",WomenOfGrace,2020-02-06 15:15:37,Women of Grace¬Æ seeks to transform the world one woman at a time by affirming women in gift of authentic femininity. #WomenofGrace,"{'link': 'https://www.hootsuite.com', 'name': 'Hootsuite Inc.'}",,[]
1,"@ewarren Face it fake squaw... (oh...i am true Cherokee). Trump and his supporters are of a higher gene pool. Your kind needs poor people to make you feel good
 My kind...we require e everyone to assimilat, work, love our FLAG and English. Or Get out.",1American1776,2020-02-02 02:21:15,,"{'link': 'https://mobile.twitter.com', 'name': 'Twitter Web App'}",,[]
2,"Ok, so Hunter got that sweet board gig because he was the best candidate and not because his pappy was VP of the USA. If you believe that you probably believe Liz Warren is a Cherokee Squaw. https://t.co/gqWyrioiES
@WayneBurton6 Please watch something other than Fox. Your facts are incorrect.",WayneBurton6,2020-02-01 00:05:28,,"{'link': 'http://twitter.com/#!/download/ipad', 'name': 'Twitter for iPad'}",,[]
3,"@washingtonpost Elizabeth Warren, the daughter of a janitor and his Cherokee squaw, was fired for being pregnant and, as a result, was forced to send her children to public schools.",RobinJosephette,2020-01-29 17:29:15,"I've got no patience for lying, dog-faced pony soldiers, fat.
Not-so-proud father and even-less-proud grandfather.
Pronouns: Hehe / Haha / Hoohoo.","{'link': 'https://mobile.twitter.com', 'name': 'Twitter Web App'}",,[]
4,@TheArchitect009 I have think I visited a cpl past lives in deep meditation. I was an Indian squaw in one and watched a man be scalped in a field of tall grass... I was on a white horse. Idk year time date but I know it was real! My father today is üíØ Cherokee Indian. Life is strange indeed!,MelRae72,2020-01-28 23:10:29,This acct expresses my religious views pertaining to our Govt In #God We #Trust For the greater good of all! Amen #JesusIsKing #WWG1WGA,"{'link': 'https://mobile.twitter.com', 'name': 'Twitter Web App'}",,[]
5,"Court records show the pair claimed to be ‚Äúwhite squaw Cherokee Indian‚Äù spiritual healers and that the snake embryos were part of their practice.

https://t.co/ThpO16COmd",RyanReports,2020-01-21 18:45:59,"Storyteller. Show-Me State native. Nightside reporter, streaming anchor for ABC Action News in Tampa. Tweets are my opinions only.","{'link': 'https://mobile.twitter.com', 'name': 'Twitter Web App'}",,[]
6,"SQUAW mns in Cherokee? VAGINA! Thnk bigotry bgn  w slavery? Slavery begn wBigots 
NAmerican passenger Tara Houska accepts the TSA's apology for her treatment at the Minneapolis-St. Paul airport. She asks for staff education and empathy. https://t.co/1gyG3TSG5S via @HuffPost",BeattyStockman,2020-01-19 17:55:35,PhD Human Sexuality & Criminality 13th of USAF-OSID NEXUS THINK TANK 1 female. Brookings Institute Mini-CIA Base,"{'link': 'https://mobile.twitter.com', 'name': 'Twitter Web App'}",,[]
7,"@travisakers My grandfather was adopted and I was told his birthmother was Cherokee. My brother-in-law looked up records that appeared to call her a squaw. However, Ancestry shows no Native American in my DNA.",ddipert,2020-01-18 16:58:49,"I'm a rare resister in middle Tennessee, counting the days until Trump and all the Russian enablers are brought to justice.","{'link': 'https://mobile.twitter.com', 'name': 'Twitter Web App'}",,[]
8,"Mother and daughter psychics get prison time for $1.4 million fraud https://t.co/Uk1wJjBnP9

They claimed they were ‚Äúwhite squaw Cherokee Indian‚Äù spiritual healers - so related to Liz Warren?",OriginalPrank12,2020-01-18 13:36:44,,"{'link': 'http://twitter.com', 'name': 'Twitter Web Client'}",,[]
9,"@ewarren Let us pray, Dear L-rd please make @ewarren the nominee 4 #POTUS for the Democrats. Can there be a more fake, lying, lair than this ex Cherokee Squaw? 

Ghost really, and so does America, need to see LIZ debate @realDonaldTrump. 

We all deserve the look on Don üçã face afterwards",MichaelsANewman,2019-12-28 19:57:00,"formerly FunnyConservativeMan. Looks like the twitter purge got me, The only ism Im interested is Humanism. Party üí©er of Liberal kombya fests.‚ù§Ô∏è #MAGAüá∫üá∏üá∏üáª","{'link': 'http://twitter.com/download/iphone', 'name': 'Twitter for iPhone'}",,['POTUS']
10,@TheFatDanDUH Okay so my grandpa was full blood cherokee and he used to say ‚ÄúSquaw.‚Äù It‚Äôs like a derogatory term for a native woman. My memaw also used to say she had ‚Äúsquaw back‚Äù which is another way for her to say she had a fat back üòÇ so I think that‚Äôs what your grandma meant üòÇüòÇ,ughsopphh,2019-11-23 05:06:56,üá©üá™ cbyx 17/18. Okie gal livin‚Äô in Austin TX. raised by a wild pack of cigarettes.,"{'link': 'http://twitter.com/download/iphone', 'name': 'Twitter for iPhone'}",,[]
11,@Maxine1952 Have any despised Native American Cherokee ‚Äúsquaw‚Äùblood in you that given the terminology you use to describe them you hate so much : that alleged Native American Cherokee ‚ÄúSquaw‚Äù turned out being an american descendant of pure English grandparents and great grandparents all the,anniesmith200,2019-11-02 14:24:40,,"{'link': 'http://twitter.com/download/iphone', 'name': 'Twitter for iPhone'}",,[]
12,@Maxine1952 Information . The information you had was wrong even as you claimed having a Native American Cherokee ‚ÄúSquaw‚Äù in your blood family line and that Native American Cherokee ‚Äúsquaw‚Äù was an american descended from pure English people . I suppose that you can be happy that you don‚Äôt,anniesmith200,2019-11-02 14:17:13,,"{'link': 'http://twitter.com/download/iphone', 'name': 'Twitter for iPhone'}",,[]
13,"@ewarren How crazy are you, Squaw Cherokee? What type of alternative world do you live in?  The Kavanaugh hearings were on TV and Americans watched the truth.  Just cuz you don't like an outcome doesn't mean you get a do-over.  $52,000,000,000,000 health care is a gift to  #Trump2020.
Warren2020
Trump2020",PMeisenholder,2019-11-02 13:17:02,,"{'link': 'http://twitter.com/download/android', 'name': 'Twitter for Android'}",,[]
14,"@SujoreJ hahaha the term ""Squaw"" literally means ""Whore"" hahahahaha so ur right  - wanna be - but she NOT Native!  I am!  I am Eastern/Western Cherokee as the closest in my Blood lines and several other Tribes including Pima and Apache, all the way back to 1607 Jamestown Powhatan...",1D10Two,2019-10-24 15:05:44,Aboriginal First Nation-DNA: Erie‚öúÔ∏èShawnee & Kickapoo,"{'link': 'https://mobile.twitter.com', 'name': 'Twitter Web App'}",,[]
15,"Just a warning Squaw: I do get projectile vomiting and uncontrolled bloody diarrhea when I see you. You might need a Cherokee Pancho if I win! https://t.co/mjnZgtY7oa
We‚Äôre flying one lucky winner and a guest to grab a beer (or coffee, or tea, or whatever) with Elizabeth‚Äîhotel and flights are on us! Want a chance to win? Chip in $10 or whatever you can now to be automatically entered!",kramerreport,2019-10-17 18:24:14,lifelong conservative. President Coolidge cut the federal government 20% across the board and created the Roaring 20‚Äôs!,"{'link': 'http://twitter.com/download/iphone', 'name': 'Twitter for iPhone'}",,[]
16,@aekananionapua ‚ÄúI‚Äôm 1/16th Cherokee! I can dress like Squaw for Halloween and it won‚Äôt be appropriation‚Äù,caricaoo,2019-10-12 04:13:07,mid twenties ‚Ä¢ indigenous ‚Ä¢ it‚Äôs my mouth I can say what I want to,"{'link': 'http://twitter.com/download/iphone', 'name': 'Twitter for iPhone'}",,[]
17,"@danpfeiffer And she's a fucking Cherokee squaw. 
Please. Stop. She's on video telling a whole different story.",JerryFuhrman2,2019-10-09 20:19:40,"Author, Former Roanoke Times columnist, B.S., M.S.,  #NRA üá∫üá∏ 'Mut, die Wahrheit zu sagen.'","{'link': 'https://mobile.twitter.com', 'name': 'Twitter Web App'}",,[]
18,"@steph93065 @THENewOwlM4N @SenWarren is a great Indian. Years ago, we did some peyote on her reservation and met the chief. He said, ""she makeum great squaw. She gonna makeum great president. All Hail Fainting Eagle!"" #squawsforWarren #Cherokee",RachelsErotica,2019-10-09 01:43:57,"The Queen of O (orgasms), Smut Writer, Chocolate Lover, Sassy Southern Belle/Vampire, and a Jew.","{'link': 'https://mobile.twitter.com', 'name': 'Twitter Web App'}",,[]
19,"@MatthewHermann @ewarren Matt, are you embarrassed by the non-stop lies of the grant-scamming squaw of the Appalachian branch of the Cherokee?

We don't call her ""Lieawatha"" for nothing Matt. Imagine, we live in a day and age where recording devices are omnipresent, and Fauxcahontas is unaware of that.",Liberty_Ahora,2019-10-08 23:01:46,"If you put the federal government in charge of the Sahara Desert, in 5 years there'd be a shortage of sand.

--Milton Friedman","{'link': 'https://mobile.twitter.com', 'name': 'Twitter Web App'}",,[]
20,"@design__hole @shaylakraze @goldietaylor And my mama was from East Texas, and we all had the Cherokee story in our history.  It involved a squaw who got pregnant by our great grand daddy, and that's why we don't grow very much body hair.  DNA says, .001% native.  It's a good story though.",showntrueself,2019-10-08 05:30:02,"I will forever support Beto.  #BetoForever #poweredxpeople
But now I'm throwing my weight behind Biden. 
Also, #NeverPete","{'link': 'http://twitter.com/download/android', 'name': 'Twitter for Android'}",,[]
21,Old Hillwary and No Chance Kammi are rubbing their greasy little paws together. Squaw Warren doing a Cherokee death dance. Beady wonders did Sanders get shot by AR-15 that it's a cover up. And Biden well you know Biden. Joe Joe I'm over here. Wrong way Joe back up over here.,McdonoughUlrich,2019-10-02 20:49:16,Member Man One Foundation. Clensing myself of fifty years of feminist propaganda. No longer emasculated or a feminist casualty. My compass is set at true North.,"{'link': 'https://mobile.twitter.com', 'name': 'Twitter Web App'}",,[]
22,"ILLEGITIMATE Harvard prof and Cherokee squaw homemaker Elizabeth War‚Äôren Peace, was preparing peach cobbler for some braves when ""who"" but Harry Reid should appear with 8-tiny dem-deer‚ÄîImpeach away Impeach away with all your might, Trump wins in-spite!  

 https://t.co/dFPAHRohnz",toughbuttreport,2019-09-29 23:20:50,"You‚Äôre going to go through ‚ÄòToughButt‚Äô times - that's life buttercup. But 'Nothing happens TO you, it happens FOR you.' See the positive in #ToughButtReports.","{'link': 'http://twitter.com/download/iphone', 'name': 'Twitter for iPhone'}",,[]
23,"ILLEGITIMATE Harvard prof and Cherokee squaw homemaker Elizabeth War‚Äôren Peace, was preparing peach cobbler for some braves when ""who"" but Harry Reid should appear with 8-tiny dem-deer‚ÄîImpeach away Impeach away with all your might, Trump wins in-spite!  

 https://t.co/IQGtSrFDD2",WarZoneUS,2019-09-29 23:20:27,"War zones are called 'theaters,' they frame a kind of play acting or, worse, deceit, that stains our country: deceit, hate, hearsay - the enemy‚Äôs our government","{'link': 'http://twitter.com/download/iphone', 'name': 'Twitter for iPhone'}",,[]
24,"@JessLuvsTrump @RealBasedMAGA @HLAurora63 @ewarren @realDonaldTrump As a young squaw, the future Cherokee senator would sit with her high-cheekboned Papaw in front of the wigwam, listening to the elders, and watching distant smoke signals.
Little did that papoose realize that she would someday vie for Chief Elder of the paleface tribes. 
#KAG",usanorthcoast,2019-09-18 04:04:54,"Conservative, Lawyer, Constitutionalist
#MAGA #KAG #AGW skeptic #FreeUkraine #SupportIsrael #ConventionOfStates 
The Great Lakes is America's North Coast","{'link': 'https://mobile.twitter.com', 'name': 'Twitter Web App'}",,[]
25,"@ewarren Is it easier to pretend to be Cherokee and reap the benefits or pretend not to take big donor money and still collect it?
Big fake white squaw has done both and would know.",never_that_easy,2019-09-16 22:16:38,Its never that easy,"{'link': 'http://twitter.com/download/android', 'name': 'Twitter for Android'}",,[]
26,@SenWarren And it took all these years for her to figure that out.  So what has she done in the 6 yrs since then to correct inequality in the judicial system?  To busy pushing that Cherokee squaw story I guess.,AustellFarley,2019-08-21 17:11:47,Retired RN and living in an old folks community.,"{'link': 'http://twitter.com/download/iphone', 'name': 'Twitter for iPhone'}",,[]
27,"@ArthurSchwartz @LindaSuhler Squaw Warren says repeatedly, ""No one is above the law."" So, why isn't she charged with identity fraud and plagarism for the recipes (of famous French Chef) used in her cookbook POW WOW CHOW originally w/subtitled Family Cherokee Recipes. Tap 2 https://t.co/5YLDatGPAj",America22Andi,2019-08-19 17:00:11,"Patriot Conservative 
God Bless President Trump 
PROTECT OUR FREEDOMS
VOTE OUT DemoRATS! 
#KAG #ProLife #Israel","{'link': 'http://twitter.com/download/android', 'name': 'Twitter for Android'}",,[]
28,"@TimesAreStrang3 @Frank762cal @FFortrue @Marsha51287475 @betgil15 @Stonekeeper3 @frednicols1329 @AskmoreNorman @TheArchitect009 @LindizzLinz @FelixAnchor__ @ItsASec83654101 @DickHindleg @RogerFritz7 @ColonelAngus15 @MarkOfEngland1 @Lots_Of_Fun_69 I would post a tribute to the bravery, persistence, and patriotism of the great Cherokee squaw, Elizabeth Warren.",stevedmiller,2019-08-17 12:59:17,"Photographer, Ham Radio Operator, Off-Road Enthusiast.  Pro-Life Libertarian. US Navy Vet 1968-78.  #MAGA2020 #CC2020C","{'link': 'https://mobile.twitter.com', 'name': 'Twitter Web App'}",,[]
29,@ewarren Riiiiiight and ur a cherokee squaw https://t.co/mwYiNtpEj4,1jc440,2019-08-10 02:58:39,"retired pole climber and navy vet. grandpa to 2 beautiful granddaughters in Ohio 
retired High school soccer coach 
played in Europe.
luv soccer or futbol.","{'link': 'http://twitter.com/download/android', 'name': 'Twitter for Android'}",,[]
30,"@savagemon88 @victori50713587 Same, full Cherokee GGgramdma married Scottish immigrant and well, throw in some Irish and a dash of Wales. Sounds like a fiery redhead squaw with a temper eh? LOL, But it seems to me that if our ancestry started as a native American, we have a right to an opinion here!",mrssepia1,2019-08-07 03:43:36,"I am Independent of any party, we the people are my party...I want what is best for the country, To the best of my abilities, IE: my educated vote come Nov. An","{'link': 'https://mobile.twitter.com', 'name': 'Twitter Web App'}",,[]
31,"@ewarren You took someone's place to go to college as an ethnic squaw.

And now you want me to give you three dollars?

How do you say ""chutzpah"" in Cherokee?",BubetteS,2019-07-31 16:08:02,Interests: Disbelievers and evil-doers whose proper abode is hell fire                                               ŸàŸéŸÖŸéÿß ÿßŸÑŸÑŸëŸéŸÄŸáŸè ÿ®Ÿêÿ∫ŸéÿßŸÅŸêŸÑŸç ÿπŸéŸÖŸëŸéÿß ÿ™ŸéÿπŸíŸÖŸéŸÑŸèŸàŸÜŸé,"{'link': 'https://mobile.twitter.com', 'name': 'Twitter Web App'}",,[]
32,@Laaa_de_Daaa @ewarren @GroovyFeline And keep being a Cherokee squaw too.,richardlansing,2019-07-26 23:19:58,Conservative. Photog. NRA lifetime member. 3 tours served in Vietnam. USAINT. 525th MI Bn Civilian section. Pats fan & Cold Beer enthusiast (and my fathers son),"{'link': 'http://twitter.com/#!/download/ipad', 'name': 'Twitter for iPad'}",,[]
33,"Oh, just like she tried pass along the fact she was part Cherokee squaw? Really?  And Jim Clyburn and the 1 million dollar over cross from one slum to another, in his district...:WOW!!! Oh, forget about the golf course and computer lab named after him!!!! https://t.co/ObYoVrtqm1
Sen. Elizabeth Warren disclosed the details of her promise to cancel approximately $640 billion of student loan debt, targeted at lower and middle-income earners https://t.co/LbZIMpxi2Q",diener_susan,2019-07-23 17:03:33,I am married to a wonderful man; have children and grandchildren whom I just cherish. I see so much hate and corruption toward our President and our country.,"{'link': 'http://twitter.com/download/iphone', 'name': 'Twitter for iPhone'}",,[]
34,"Sharree Snowfinn is calling from Caribou, B.C. She is of Black and Cherokee descent. ""Racism is unfortunately alive and well,"" she says. ""I often get called a squaw,"" she adds.",checkupcbc,2019-07-21 21:48:30,"We are @cbcradio's national phone-in show, broadcast on Sunday afternoons. Follow for additional show content, interesting topical reads and live tweets.","{'link': 'https://about.twitter.com/products/tweetdeck', 'name': 'TweetDeck'}",,[]
35,@ewarren I have a message for a wanna be Cherokee squaw. When you enter the #USA illegally expect repercussions and not Holiday Inn accommodations.,NaomiFitDesign,2019-07-15 17:16:09,In a time of universal deceit ‚Äî telling the truth is a revolutionary act.,"{'link': 'https://mobile.twitter.com', 'name': 'Twitter Web App'}",,['USA']
36,@berman_allen Gay Pete and Cherokee Squaw 2020. If only.,IrvingFisher16,2019-06-27 01:59:01,"Chris Mahoney
Republican
Very confused monetarist: whatever happened to MV = PQ?
30 years on Wall Street (BofA, Moody's)
Born 1954, when the US was the US.","{'link': 'http://twitter.com', 'name': 'Twitter Web Client'}",,[]
37,@davidmweissman @AOC I seriously doubt you were ever a conservative or a Trump supporter and the 1/2032 Cherokee squaw doesn‚Äôt have a chance... https://t.co/oUo6pRLkp6,b_hensick,2019-06-18 18:07:42,"4th generation building contractor and Floridian, Fisherman and Hunter #2A #Trump2020 #MAGA #KAG","{'link': 'http://twitter.com/download/iphone', 'name': 'Twitter for iPhone'}",,[]
38,"@ewarren Did you get the report translated to Cherokee? Clearly you never read it. Liawatha, you made all of that up. Happily, no one thinks of you other than as a angry old beer guzzling white woman. Go home, make a meat loaf, and count your millions. Be the squaw that said you were.",gunjinn_,2019-04-20 08:18:02,"Patriot, Urban Warrior, Biker (not the pedal kind), Retired NYC LEO #MAGA #KAG #conservative #NRA #bluelivesmatter  Follow me on  #Parler, same handle.","{'link': 'http://twitter.com', 'name': 'Twitter Web Client'}",,[]
39,"My father married a Fake Cherokee
My mother's people were ashamed of me

""23 and Me"" said I was white by law
My constituents call me ""Indian Squaw""

Half-breed, is what I claim 
Half-breed, my colleges call me insane 

#Warren2020 https://t.co/KPxMoS3a5E",NeoForPresident,2019-03-29 01:09:48,"""It is our true policy to steer clear of permanent alliance with any portion of the foreign world"" ~ George Washington  #RestoreAmerica2000","{'link': 'http://twitter.com', 'name': 'Twitter Web Client'}",,[]
40,"@CNNPolitics She makes me ashamed to be a squaw... an ACTUAL Cherokee... and Osage, but she is yet to screw that culture.",BriannaAntle,2019-03-27 01:48:30,"Christian, Ambitious, Sister, And Daughter","{'link': 'http://twitter.com/download/iphone', 'name': 'Twitter for iPhone'}",,[]
41,@Sheryl102958 Right. The good news is that the Cherokee nation has had the good fortune of learning its reputation is no longer soiled by the claims and exploitation of its tribe by (former) Squaw Forked Tongue. @SenWarren,DeanKle67595875,2019-03-21 05:39:33,"Conservative. Christian. Dad. Love our country, The Beatles and stylish women. Followed by Ronald Reagan, Mickey Mantle, King Arthur and store security.","{'link': 'http://twitter.com/download/android', 'name': 'Twitter for Android'}",,[]
42,"WE.ARE.WOMANüåπ  I wrote and desicatrd and recorded while in Paris, this song, YELLOWMOON to my ancestors ...my ggGrandma, a Cherokee ""squaw princess"" ...and great Grandma, Barbara Anne, Grandma... https://t.co/Ru3z4FxdUx",CarolMiles11,2019-03-08 18:38:31,TOP MODEL...ACTRESS...COMPOSER/WRITER...SINGER...BON VIVANT!! (Aka: Carol Collins-Miles),"{'link': 'http://www.facebook.com/twitter', 'name': 'Facebook'}",,[]
43,FUCKKKKKKKK I FEEL SO STRONGLY ABOUT THIS SUBJECT IM STUCK IN ALL CAPS!!!!!! MY GREAT GRANDMOTHER WAS FULL BLOODED CHEROKEE AND SHE HAD TO PRETEND TO BE WHITE SO THEY WOULDNT COME FOR HER!!!!!! SHE DUG HER OWN FUCKING GRAVE BC SHE KNEW SHE WAS JUST ‚ÄúSQUAW‚Äù LIKE FUCK THAT,juicysnacc,2019-03-05 03:09:15,very nice human,"{'link': 'http://twitter.com/download/iphone', 'name': 'Twitter for iPhone'}",,[]
44,"@RonColeman @ewarren Liz-‚ÄúBack when I was a young squaw in the Cherokee Nation, me and the other high cheekboners were living high and mighty!‚Äù

‚ÄúOur parents were making minimum wampum at the local tomahawk factory!‚Äù",usa_comes_back,2019-02-18 01:31:17,#Trump2020 #MAGA #KAG #GA06,"{'link': 'http://twitter.com/download/iphone', 'name': 'Twitter for iPhone'}",,[]
45,"@RealJamesWoods To use the very un-PC language of my youth: Squaw tellum heap big lie. Speak with forked tongue.

(I‚Äôm supposed to be part Cherokee, but I haven‚Äôt yet had it confirmed. My Nanny and youngest uncle certainly looked the part, though.)",UTMandOK,2019-02-08 01:43:48,"Writer, artisan, unconventional Christian (2nd Timothy 1:7 ‚Äî two out of three ain‚Äôt bad), Bruce Cockburn fan, crusader against Woodwork Boys, certified crazy.","{'link': 'http://twitter.com/download/android', 'name': 'Twitter for Android'}",,[]
46,@ms_trutalk @NewsLycaness19 @ItsAlinaJo @therealzanetta @KevinMcGil @EnigmaNetxx @Kalaax008 @TruthOnly37 @Webstar53 @keriRN @sascat Half Cherokee.. I  remember people calling my mother a Squaw ..now me and my Daughter's..oh yeah now Pocahantas...,suevee85,2019-01-30 23:52:49,"Retired Fed LE,  Constitutional Lawyer. Dyslexic #Resistance Hungarian Cherokee. Don't Fuck with me I'm a Browns Fan, I'm used to disappointment & beat downs!","{'link': 'http://twitter.com/download/android', 'name': 'Twitter for Android'}",,[]
47,"@politico I am a Cherokee and I welcome you into out tribe!!
Trump can be my squaw!",patrickmurphytx,2019-01-05 20:23:31,Retired in Santa Fe. life is good!,"{'link': 'http://twitter.com/download/iphone', 'name': 'Twitter for iPhone'}",,[]
48,This is unreal!...I wanted to find out where these cities are located in Iowa..so I pulled up a map..one of the counties the squaw is visiting is Buena Vista..I kid you not!!..it‚Äôs situated directly between Cherokee and Pocahontas county..look it up!! https://t.co/AVBb72GCMD,TCUWhiteTrash,2019-01-02 23:29:42,"Proud Texan, Rising Phoenix, Renaissance Man. All-American Talk-Radio Warrior","{'link': 'http://twitter.com/#!/download/ipad', 'name': 'Twitter for iPad'}",,[]
49,"Gunsmoke : Episode 42

Festus takes up with a Cherokee virgin squaw and returns to Dodge with enough feathers in his hat to fill a large throw pillow .",Joke_Cousteau,2018-12-23 01:56:34,"Wrote jokes and performed live skits on rock radio . If you don't like crazy people , You need to go elsewhere .","{'link': 'https://mobile.twitter.com', 'name': 'Twitter Web App'}",,[]
50,"@NancyJKoch And then there's:

#Warren

A bat crazy old squaw named Liz

Claims she‚Äôs an Indian whiz.

She‚Äôs full Cherokee

But as we can see,

‚ÄúDepends on your meaning of is.‚Äù",allen_rizzi,2018-12-13 14:58:57,#KAG #Conservative #Author #Editor #Songwriter #Genealogist #FlyFisherman #Surfer #1A #2A  My books Are Here: https://www.amazon.com/Allen-E.-Rizz  üá∫üá∏üá¶üáπüáÆüáπ,"{'link': 'http://twitter.com', 'name': 'Twitter Web Client'}",,['Warren']
51,"So help me, if this #SpaceForce becomes a legit thing, Ima lie about my age and enlist!!!!!
""Yessir! I'm 21, sir!""
""Honest as Elizabeth Warren is a Cherokee Squaw, Sir!"" https://t.co/GK1pwEbsLt",2CynicAl65,2018-10-21 00:09:15,"‚ú¥ Just an ordinary average guy‚ú¥
Writer for #MisfitPolitics 
Podcasts: 
#HardcorePatriot/#IDoThisForFree! on https://t.co/Ds9xcbdudB
&
#PoliticalShorts once in a while","{'link': 'http://twitter.com/download/android', 'name': 'Twitter for Android'}",,['SpaceForce']
52,@SummerBoynton @moolissabarneyy @berkeleyrudel Problem #1 using Christanity in any context to justify anything Native at all #2 knowing so little about your family you use words like Sioux and Squaw #3 After European royalty and Mormans Cherokee are most documented people and you claiming Cherokee &amp; not recognized üòÇüòÇüòÇüòÇüòÇ,NDNCOWGIRL,2018-10-19 16:52:59,"Absentee Shawnee/Kickapoo, PhD Candidate, Geographer, Pansexual, Water Protector, Activist for All My Relations. I am the hopes and dreams of all my ancestors.","{'link': 'http://twitter.com/download/android', 'name': 'Twitter for Android'}",,[]
53,"@moolissabarneyy @berkeleyrudel Yo, you realize that I‚Äôm mostly Indian right? I come from the Cherokee and Sioux tribes. ‚ÄúSquaw‚Äù doesn‚Äôt offend me bc I‚Äôve learned to grow something called thick skin. IT DOESN‚ÄôT MATTER WHAT PEOPLE SAY! THEY WILL KEEP BEING WHO THEY ARE AND YOU BEING UPSET WONT CHANGE THEM! ü§ó",SummyD_20,2018-10-19 12:52:31,Twenty Funü§™Competitive Country DancerüíÉüèªüíúR.I.P Dadüíú Vet TechüôåüèªüêÆ Can Chaserüêé Kevü•∞,"{'link': 'http://twitter.com/download/iphone', 'name': 'Twitter for iPhone'}",,[]
54,"@SenWarren You had better summons the Cherokee nation, and see what they can do to help their greatest ever squaw out of a jam. I can‚Äôt wait until 2020 when your campaign plays Cher‚Äôs song Half Breed, and you come out with your beaded dress I can hear the drums beating now BaHa üôÇüòÇ",SticmanMcCallie,2018-10-18 14:09:52,,"{'link': 'http://twitter.com/download/iphone', 'name': 'Twitter for iPhone'}",,[]
55,"@ValerieWinn1 @NRAHillbilly @AmericanJane2 @jewels2889 @scoggin_sandra @wraithvenge @usmc_army @laineymel @grizzlemeister @Jamierodr10 @LoriinUtah @Trump454545 @AmericanLaoch @starcrosswolf @RealMAGASteve Frankly any Indian blood in her ancestry probably came via a captured and abused squaw by her great x 4 granddaddy, Slayer of the Seminoles and Conqueror of the Cherokee.",urbanfatbiker,2018-10-18 12:25:10,"Advocate for the disabled and chronic pain community, a no BS take no prisoners attitude. 

Like the Doberman, a fierce defender with the heart of a puppy.","{'link': 'http://twitter.com/download/android', 'name': 'Twitter for Android'}",,[]
56,"@thespunkysquaw  you do realize squaw is a racial slur, you could have called it the spunky cunt and it would have the same meaning. 
                               Signed
     A Cherokee girl who knew what this word meant in 1st grade.",Quannah14,2018-10-18 01:03:01,"Bright blue Dot deep in a red state, fuck trump. BE GAY! DO CRIME! ü§ó","{'link': 'http://twitter.com/download/android', 'name': 'Twitter for Android'}",,[]
57,"@CaseyPhillips1 Shit happens, just ask #Pocahontas...but she's a survivor and a brave squaw of the Cherokee Nation...on the planet Dementeo ü§£ü§£",briangriffin022,2018-10-17 21:16:37,#Trump #Brexit #Israel FB @JessieJaneDuff @RealDrGina @Education4Libs @Harlan @RebelNewsOnline @codeofvets @ChuckCallesto @securefreedom @ColumbiaBugle,"{'link': 'http://twitter.com', 'name': 'Twitter Web Client'}",,['Pocahontas']
58,"Ugh! Peace with Pale Face! For big pow wow with brave Blue Coats, squaw of mine prepared traditional meals of Cherokee tribe, the legendary ""menu""!

Hors d'oeuvre of pemmican
Corn velout√©
Buffalo bourguignon
Honey and ants macarons

then firewater of Cognac. https://t.co/xK2ZhLvAr3
there EXISTS only french cuisine on this earth
https://t.co/ChfrZ7lgoj",Zeromuald_fr,2018-10-17 18:01:18,"French right-wing republican, undercover reactionary in a hostile place. Catholic weeb. Russian, or American, or Vatican bot, who knows.","{'link': 'http://twitter.com', 'name': 'Twitter Web Client'}",,[]
59,"@Cocoa_Bean10 @realgrace_kelly Says the wanna be cherokee squaw...lieawatha needs to crawl back into her wigwam and stop making a fool of her self...on second thought...keeping talking,..should help us at the polls on November 6th",joseywalesrocks,2018-10-17 09:50:25,Business owner-transmission technician-conservative-pro guns-pro Israel-pro life-pro America first-anti-ignorance-pro trump-totally not PC-MAGA,"{'link': 'http://twitter.com/download/iphone', 'name': 'Twitter for iPhone'}",,[]
60,"No one ever looked at blond haired blue eyed 1/64th Cherokee at best Elizabeth Warren and said ""You better get back to the reservation, Squaw!"".",stldesktop,2018-10-17 05:35:47,St Louis isn't flyover land. It's a crash site where survivors tell each other *It's not so bad!* after eating those who didn't make it,"{'link': 'http://twitter.com', 'name': 'Twitter Web Client'}",,[]
61,My great grand mother was a straight up squaw. Had 13 kids.She kept all her valuables hemmed in her clothing. She wore all her clothes all the time in layers. She would wash her clothes and herself in the creek once a month. I'm 1/32 Cherokee but I have never claimed as such.,JssTaylorthe1st,2018-10-16 21:11:12,Right and Wrong is not the same as right and left..  Tell the difference.,"{'link': 'http://twitter.com', 'name': 'Twitter Web Client'}",,[]
62,"@SenWarren Elizabeth I know Big Chief Cherokee doesn't want you to be an Indian but don't worry. I have a used wigwam I can sell you and you can dress yourself up to be a real nice squaw. Then @realDonaldTrump will think you're a real Indian. https://t.co/EhMaEJVHt2
I am a Native American. I have some questions for Elizabeth Warren. | @SimonMoyaSmith for @CNNopinion https://t.co/sTFeQ2mvRC https://t.co/oX1OBMugEb",Mmwb777,2018-10-16 17:09:24,,"{'link': 'https://mobile.twitter.com', 'name': 'Twitter Web App'}",,[]
63,"@elizabethforma Squaw Runs w/Soros 
The Cherokee tribes leadr denouncd ur claim &amp; says ur makin a mockery of their heritage. Science says u cant test 4 Cherokee lineage. Id like 2 know if ur supportrs still support u on ur claim. And I dont mean ur male supportrs who think theyr fem &amp; vice versa",JakeCutter99,2018-10-16 15:01:54,"They‚Äôre not after me. They‚Äôre after you. I‚Äôm just in their way."" ~Donald J. Trump","{'link': 'http://twitter.com/download/iphone', 'name': 'Twitter for iPhone'}",,[]
64,"@elizabethforma Squaw Runs with Soros 
Donald Trump owes you 1/1000th of $1,000,000
You owe America and the Cherokee tribe an apology",JakeCutter99,2018-10-16 14:17:23,"They‚Äôre not after me. They‚Äôre after you. I‚Äôm just in their way."" ~Donald J. Trump","{'link': 'http://twitter.com/download/iphone', 'name': 'Twitter for iPhone'}",,[]
65,"Stewpid fukk8ng squaw. #bwahahaha 

CAN'T EVEN SHIT STRAIGHT!!
#crookedc7nt https://t.co/FLmi0oyaQ3",salgold,2018-10-16 13:43:11,"Your days are numbered.  Use them to throw open the windows of your soul to the sun.  If you do not, the sun will soon set, and you along with it. - Aurelius","{'link': 'http://www.facebook.com/twitter', 'name': 'Facebook'}",,"['bwahahaha', 'crookedc7nt']"
66,@USATODAY Don't worry @SenWarren . I don't care if Cherokee nation doesn't want you. I have a wigwam I can rent you cheap. We will dress you up and make you a fine squaw. Then @realDonaldTrump will know you are a real Indian.,Mmwb777,2018-10-16 13:20:37,,"{'link': 'https://mobile.twitter.com', 'name': 'Twitter Web App'}",,[]
67,"@elizabethforma @realDonaldTrump Squaw, 
Donald Trump owes you 1/1000th of $1,000,000
You owe the Cherokee Nation, and America, an apology 
#Resign
#Pocahontas",JakeCutter99,2018-10-16 09:01:57,"They‚Äôre not after me. They‚Äôre after you. I‚Äôm just in their way."" ~Donald J. Trump","{'link': 'http://twitter.com/download/iphone', 'name': 'Twitter for iPhone'}",,[]
68,"Who cares? they ask.
Obviously Senator heap big Squaw cared as she went and put the news release out.
And  the whole claiming to be part of the Cherokee nation was not what she  claimed but these lefties are making it, dare I say, a RED herring.",InGodIDoTrust,2018-10-16 08:34:53,,"{'link': 'http://twitter.com', 'name': 'Twitter Web Client'}",,[]
69,@BostonGlobe @SenWarren #BOSTON one of inbred homes of #RACISM #GLOBE&amp; #WARREN MOCK CHEROKEE NATION! Why do ignorant #MASSACHUSETTS people vote 4 #Warren a liar and disgrace to UR state? Conservatives are stupid??? Ok!Vote for #Fauxchahontas the 1/1524 squaw! We laughing at You,RevReidWalker3,2018-10-15 22:00:50,Avid fan of Jesus His Word and the UKWildcats! And I love our country and our troops!,"{'link': 'http://twitter.com/download/iphone', 'name': 'Twitter for iPhone'}",,"['BOSTON', 'RACISM', 'GLOBE', 'WARREN']"
70,"Riiiight. So do I...from the 1700s. Thomas Evans married Cherokee squaw and hey had 13 children. I canNOT however classify myself as an indigenous person because of one ancestor from 250+ years ago. Get over yourself, blue eyes",MeShellVaTech,2018-10-15 21:03:43,"DEPLORABLE, Happily Married, mom to 4 college grads, History & Economics degrees, DAR,üê¥&üê∂lover, üá∫üá∏ MAGAüá∫üá∏KAG‚ù§Ô∏èü¶ÉüèàüèÄ","{'link': 'http://twitter.com/download/iphone', 'name': 'Twitter for iPhone'}",,[]
71,"@NolteNC @elizabethforma I am 1/16th Cherokee and no one has EVER accused me of looking like an Indian.  Must be the nearly red hair and fair skin?  One of my great-great grandmothers was full blooded Cherokee, she was called ""Little Squaw"" by friends and family...",HeddRoxx,2018-10-15 17:09:57,"Conservative grey-beard, Singer/Songwriter at ROXX, The voice of CWF Mid Atlantic, Editor/Photographer for http://IndyInsiders.Com #MAGA #RushFamily #DOTF #RHRF","{'link': 'http://twitter.com', 'name': 'Twitter Web Client'}",,[]
72,"@TeryeA @StephenSipila well...coming from someone, who, like squaw flapping face...
 (irish cherokee?  LOL  no such thing, idiot..)  your argument is invalid and holds no weight...
great job making yourself look like a fuckin retard, ""squaw ratchet jaw"" https://t.co/2de18HgC0m",_Raijjn_,2018-10-13 14:06:11,#1A & #2A #VETERAN #AmericaFirst  #Conservative  #Constitution  #CCW #LTC #ŒúŒüŒõŒ©ŒùŒõŒëŒíŒï #NRA #KAG2020 #BuildTheWall  #DrainTheSwamp  #walkaway  #MAGA #WINNING üá∫üá∏,"{'link': 'http://twitter.com', 'name': 'Twitter Web Client'}",,[]
73,"Oooh, squaw fauxcahontas is on the warpath. Oh, I had a DNA test and found out I'm 1% Inuit. How much Cherokee does she have? https://t.co/vHs3FblDT0
Hey @realDonaldTrump, hope you‚Äôre having fun at your rally. Too bad you‚Äôre the least popular incumbent president in modern history. And in the meantime, we are coming for your pathetic rubber-stamp Republicans in Congress in 31 days.",RickSwan17,2018-10-07 13:07:58,69yo Conservative in NE Ohio,"{'link': 'http://twitter.com/download/android', 'name': 'Twitter for Android'}",,[]
74,"@seanhannity Puts a HOLE new meaning on commander in CHIEF ,   Of the Cherokee nation , Sacajawea, Pocahontas and  Minnehaha all rolled into one ( I would never say it ) squaw. üòÇü§ß",StahlerScott,2018-10-01 21:33:15,,"{'link': 'http://twitter.com/download/iphone', 'name': 'Twitter for iPhone'}",,[]
75,"@mises @PaddyJManning @SenWarren I won't listen to word this Cherokee squaw says as long as she refuses to wear her native American feathers and carry a tomahawk.  

She should stop her cultural appropriation of Caucasian apparel immediately - or I am going to put my sombrero back on.",tallrite,2018-08-26 12:32:43,Engineer with passion for safety management and international current affairs,"{'link': 'http://twitter.com', 'name': 'Twitter Web Client'}",,[]
76,"According to my father , my great ,great grandfather was being tracked through the southeast after robbing some thing or some one ,met up with a fur trader ( a frenchman )exchanged names to throw off detective ,met a Cherokee squaw and they had children together ! Maybe ? https://t.co/Rk1SGniS2x
@RoseHasMoreFun @RuthieRedSox Obviously after reading this we need the Pinkertons back!",wolfehunter01,2018-07-23 14:16:57,"do not open any D Ms from this acct .
110% Trump supporter ,hard worker just trying to survive . #MAGA,#PATRIOT,#CONSERVATIVE .# show the video  #KAG","{'link': 'http://twitter.com/download/android', 'name': 'Twitter for Android'}",,[]
77,"@SenWarren ..Hey wannabe Cherokee squaw, PRESIDENT Trump lives rent free in your head and he has plenty of room to roam about due to the complete absence of any brain to get in the way.",BuzzCorey,2018-07-14 14:56:45,,"{'link': 'http://twitter.com', 'name': 'Twitter Web Client'}",,[]
78,"@NBCNews But they do show which regions or areas of the world said DNA originates. I have Cherokee 11 generations back. It showed up. And I didn‚Äôt know it until I did family tree that showed great grandfather, Thomas Evans, married ‚ÄúCherokee squaw‚Äù and had 11 children in western NC.",MeShellVaTech,2018-07-08 14:50:11,"DEPLORABLE, Happily Married, mom to 4 college grads, History & Economics degrees, DAR,üê¥&üê∂lover, üá∫üá∏ MAGAüá∫üá∏KAG‚ù§Ô∏èü¶ÉüèàüèÄ","{'link': 'http://twitter.com/download/iphone', 'name': 'Twitter for iPhone'}",,[]
79,"I'm still in awe that she knew Big Mama, who was half Cherokee and LOOKED IT, but didn't think the rumors were true. Bitch get out the photographs!! She came from Oklahoma in the early 1920s! She was a damn squaw",thedorkygirl,2018-07-04 04:42:31,science fiction & fantasy. #StarTrek #amwriting??? she/her @KarenFitRun for my gainz #BloggessTribe #Tori #Tahlia #Bummy,"{'link': 'http://twitter.com/download/android', 'name': 'Twitter for Android'}",,[]
80,@realestchrispy @BernieSanders @Ocasio2018 I did ...  hard work and sacrifice ... my grandfather was an Irish immigrant who worked building the railroad... my grandmother was a Cherokee squaw on the reservation... my father was a government employee,kwmiller69,2018-06-29 17:19:38,Libertarian... intellectual...retired military... government contractor... happy beach bum,"{'link': 'http://twitter.com/download/android', 'name': 'Twitter for Android'}",,[]
81,"@SenWarren @realDonaldTrump NO,  DEAL ALLOWED  IRANIANS WHO SCREAM  DEATH TO USA  AND ISRAEL, TO  BREAK OUT..MAKE NUKES  IN FEW YRS..   WE GAVE BILLIONS AND  CASH.. SO  THEY CAN FUNNEL TO TERRORISTS NO BANK WIRES.  YOU DUM BITCH, 1/64  INDIAN SQUAW, FOOL. I AM CHEROKEE AND  YOU ARE NOT  CHRISTIAN INDIAN.",RobertNieuport,2018-05-08 20:47:55,,"{'link': 'http://twitter.com', 'name': 'Twitter Web Client'}",,[]
82,"@Marmel @MaxineWaters @HillaryClinton @NancyPelosi @SenWarren @SenKamalaHarris Hillary Clinton, lying cheating crook. Nasty Pelosi, senile. SenWarren, wannabe Cherokee squaw. SenKamalaHarris, couldn't find her way to the bathroom and back without instructions. Maxipad Waters, second half of dumb and dumber.",BuzzCorey,2018-04-26 16:26:24,,"{'link': 'http://twitter.com', 'name': 'Twitter Web Client'}",,[]
83,"@csutton1959 Your grandmother was correct. My great grandfather was from Germany. He took the last name Germany. His place was called Germany Mountain in Al. Still is. He married a Cherokee squaw, my great grandma. I have their Bible and that of my uncles who married other Indians.",JoeyaLowe,2018-04-22 04:18:19,"I'm a renaissance man in a modern world! USMC, LEO, Analyst, Author. Retweet ‚â† Endorsement. Unless it's my kids. I endorse my kids. #OathKeeper #Python #SQL","{'link': 'http://twitter.com/download/android', 'name': 'Twitter for Android'}",,[]
84,"@RealJamesWoods ""The issue of income and wealth inequality is the greatest moral issue of our time"" says the richest squaw in the history of the Cherokee nation. #BogartingFauxcahontas",theearstohear,2018-03-20 19:26:21,"A lone, paleo-Baptist's perspective on pop-culture and theology.","{'link': 'http://twitter.com', 'name': 'Twitter Web Client'}",,[]
85,"@thejimsmith @MrsSteveMOBrien yes, in fact there's two cases that come to mind that are very ironic/egregious.
The Lee Majors Viking movie The Norseman where the ""squaw"" is played by Anglo-Goan actress Susie Coelho. 
And the Maharaja's Daughter where the titular role is played by part-Cherokee Hunter Tylo.",Sperocaof,2018-01-22 19:54:18,"Autistic Asexual eejit. Cheap lousy Mr. Brain's Faggot. ""The right kind of adult"". Call me any pronoun you like. I don't fuss.","{'link': 'http://twitter.com', 'name': 'Twitter Web Client'}",,[]
86,"@SenWarren Hi how are ya? Hi how are ya? Hi how are ya? Hi how are ya? Hi how are ya? ( Hey Liz, TRUMP IS PRESIDENT AND YO'RE JUST A STUPIP CHEROKEE SQUAW).",diyenergycon,2018-01-08 03:16:22,,"{'link': 'http://twitter.com', 'name': 'Twitter Web Client'}",,[]
87,@yesnicksearcy Maw maw and squaw cherokee will go out and talk some sense into her and squeeze more $millions out her. No doubt,jbloomfield888,2018-01-06 16:43:45,"I love the slow lazy rise of a cutthroat and bourbon. #2A-NFA, Vizsla lover.
I can be found presenting flies, hitting ground strokes, and shredding fresh pow.","{'link': 'http://twitter.com/download/android', 'name': 'Twitter for Android'}",,[]
88,"1930s Cherokee Indian Brave and Squaw Photo Print by Ewig Galloway, Antique Print Cherokee Indians, Cherokee Couple, Indians, First Nations https://t.co/bk9x25q8Zm via @Etsy",MushkaVintage3,2017-12-29 16:38:02,Selling Classic exclusive and fabulous vintage and antique treasures in our online Etsy shop mushkavintage3,"{'link': 'http://twitter.com', 'name': 'Twitter Web Client'}",,[]
89,"You also believed you were part Cherokee for over fifty years, and never considered a scientific test to validate the appropriateness of receiving benefits for that belief during that time.

So yeah, you're totally Fauxcahontas the Science Squaw. https://t.co/DeV8IIpMCK
I‚Äôm going to say something really crazy: I believe in science. Climate change is real and we have a moral obligation to protect this Earth for our children and grandchildren.",fringeaggressor,2017-12-29 08:09:46,"If you run into an asshole in the morning, you ran into an asshole.
If you run into assholes all day, you're the asshole.","{'link': 'http://twitter.com', 'name': 'Twitter Web Client'}",,[]
90,"1930s Cherokee Indian Brave and Squaw Photo Print by Ewig Galloway, Antique Print Cherokee Indians, Cherokee Couple, Indians, First Nations  https://t.co/UWfhw3cyCS via @Etsy",MushkaVintage3,2017-12-28 06:11:34,Selling Classic exclusive and fabulous vintage and antique treasures in our online Etsy shop mushkavintage3,"{'link': 'http://twitter.com', 'name': 'Twitter Web Client'}",,[]
91,@thehill Robert Mueller would certainly be the youngest white male they could recruit; unless @TheDemocrats decide to nominate another African-American or a Cherokee squaw.  @VP44 Biden @SenSanders @JohnKerry and @HillaryClinton are no longer relevant.,JoelonWilson,2017-12-23 16:51:04,,"{'link': 'http://twitter.com/download/android', 'name': 'Twitter for Android'}",,[]
92,1930s Cherokee Indian Brave and Squaw Photo Print by Ewig Gall by MushkaVintage3  https://t.co/mZtEUZgbpo via @Etsy,MushkaVintage3,2017-12-14 02:09:57,Selling Classic exclusive and fabulous vintage and antique treasures in our online Etsy shop mushkavintage3,"{'link': 'http://twitter.com', 'name': 'Twitter Web Client'}",,[]
93,"We shall respect the decision of a man to call himself a woman and we shall elect the whitest woman who calls herself a Cherokee Squaw but we shall never recognize Israel's choice of its own capitol city. https://t.co/GIKGFgueqi
Reports indicate the president will move the U.S. Embassy in Israel from Tel Aviv to Jerusalem. I wrote him last week to explain why that would be a terrible decision. https://t.co/MV1o73nyDk",JitneyGuy,2017-12-05 23:14:32,"You drink, l drive!","{'link': 'http://www.echofon.com/', 'name': 'Echofon'}",,[]
94,"(most of Carlos's help is hispanic like me........im jewish, north african Moor, spanish , Kentuckian(GO UK), cherokee cause flossie's gMa was a squaw, from george(king of england fam) edward(king of england fam) and Conhita(concepcion""the immaculate birth)",IAMthatIAMme,2017-12-03 12:16:38,,"{'link': 'http://twitter.com', 'name': 'Twitter Web Client'}",,[]
95,"@BreitbartNews My great great grandpa was a full Cherokee Indian, my great grandma was half Cherokee and I never used my ancestry for anything other than bragging rights. My grandpa called me long face squaw. I miss him.",southerngirlyTn,2017-11-29 13:07:51,"Wife, momma and grandma. I'm blessed with a beautiful family. Conservative woman. #Maga #BuildTheWall","{'link': 'https://mobile.twitter.com', 'name': 'Twitter Web App'}",,[]
96,"@10CSHVeteran @SenWarren I would love if a reporter would inquire her to recite some Cherokee terminology. Like calling herself a ""squaw"" or referring to corn she eats as ""selu"" and her daughter as ""Uwetsiageyv"".",ChristaLou90,2017-11-28 19:29:32,"Cherokee And Belgian. Fiercely Conservative & Patriotic. Fan of French Vanilla Lattes, Italian & Chinese cuisine & Reese's. Love numerous genres of music.","{'link': 'http://twitter.com', 'name': 'Twitter Web Client'}",,[]
97,"@KneelsTweets @SenCapito @POTUS @DM_opinion Who cares Liz Warren the lying indian, really?  Who has screwed over American's, good choice to follow a lying squaw. Before you get bent out of shape, I am 1/2 Indian Cherokee and I dont like a liar. Nothing was handed to me or mine, but seems she lied and used it.",KathyFazzini,2017-11-28 16:30:50,"Roman Catholic, married, love God, family and America. ‚ô• President Trump  üá∫üá∏üá∫üá∏üá∫üá∏ #BackTheBlue #Military #MAGA","{'link': 'http://twitter.com/download/android', 'name': 'Twitter for Android'}",,[]
98,"""Pocahontas""
and Cher describes @SenWarren best in ""Half Breed""
    ""My father married a pure Cherokee 
 My mother's people were ashamed of me 
 The indians said I was white by law 
 The White Man always called me ""Indian Squaw""",writeinussenate,2017-11-27 21:17:03,2014 Write In Candidate US Senate NC Unaffiliated. #IbelieveTrumplandslide Dem/Rep same animal #erase44 #GetWellRush,"{'link': 'http://twitter.com', 'name': 'Twitter Web Client'}",,[]
99,"@PETEKEELEY @Thomas1774Paine Warren claimed Cherokee and Delaware.  I have never heard any Native Americans call ""Pocahontas"" a slur like they would for example squaw.  The only people I've ever heard call it a slur are liberal commentators.

BTW, I'm 1/8 Lenni Lenape (Delaware) which is what she claimed.",GilbertDilbert1,2017-11-27 21:10:36,I am the Gilbert of the Dilbert. Volunteer and Patriot.  Former bad banker.  11B/12B GoArmy!  #MAGA,"{'link': 'http://twitter.com', 'name': 'Twitter Web Client'}",,[]
100,"@mcbs_eu @sharpenedquill @cowboyinbrla @bretthhorton @Rosie @SteveScalise Hey snapper head I'm an American Cherokee I'm a real person and my real family marched the trail of tears.
So you kiss my red ass and hope I don't ride my paint to your teepee take your squaw and scalp that pretty head of hair you got.",SkipNelson4,2017-11-17 01:52:00,"American Indian and very proud of it, I will stand up tall and fight hard for this country and this POTUS. If you libtards attack me,I will make you look stupid","{'link': 'http://twitter.com/download/iphone', 'name': 'Twitter for iPhone'}",,[]
101,"@FoxNews Interesting being a Cherokee, I Squaw not Chief.... give me and rest of humanity a freakin‚Äô break! #Indigenous #MAGA",RebeccaSueNewe3,2017-10-16 22:41:26,God is #1 Humanity is #1 Everything else falls in place.Namaste üôè‚ù§Ô∏èüôè#‚≠êÔ∏èüíôüéÅVetAirForceüöÄ MarkCharles2020#WeAreAllConnected‚ù§üôèüíØüöÇüáÆüá±‚ù§,"{'link': 'http://twitter.com/download/iphone', 'name': 'Twitter for iPhone'}",,"['Indigenous', 'MAGA']"
102,"Elisabeth ""Pocahontas"", ""Squaw"", Warren is a fake and a disgrace. Here's what real Cherokee's think of her... https://t.co/d02sWI6SJS
.@SenWarren The Cherokee People are disgusted by you.  Watch this video.  They know you are a #FakeIndian .  Apology? https://t.co/p2JbS0RMMf",hammy413,2017-05-22 13:42:40,I don't want followers with good taste. I want followers that taste good. #USAF #Veteran #Humor #Politics #MAGA #KAG #DemocratsMustBeDefeated #DemandVoterID,"{'link': 'http://twitter.com', 'name': 'Twitter Web Client'}",,[]
103,"@brianefallon Elizabeth Warren, liar and loud mouthed wannabe Cherokee Squaw.",BuzzCorey,2017-02-22 18:42:41,,"{'link': 'http://twitter.com', 'name': 'Twitter Web Client'}",,[]
104,Cherokee squaw elizabeth Warren is after Trumps scalp. But Indian men take scalps not Indian women. Stay in TeePee and wash skins like good,SaveAslave,2016-11-25 20:24:49,‚ùåMAGA Internet makes it possible for anyone to help just by emailing this website. Retweets are not endorsements. Void where prohibited.,"{'link': 'http://twitter.com/download/iphone', 'name': 'Twitter for iPhone'}",,[]
105,@LouDobbs @GeorgeMee @realDonaldTrump @BostonGlobe Cherokee squaw should let the men speak . Indian braves know best for women and children,SaveAslave,2016-11-20 12:09:40,‚ùåMAGA Internet makes it possible for anyone to help just by emailing this website. Retweets are not endorsements. Void where prohibited.,"{'link': 'http://twitter.com/download/iphone', 'name': 'Twitter for iPhone'}",,[]
106,@thehill Big Chief no work with little squaw. (And I am part Cherokee...),wahoo_engr,2016-11-09 21:29:38,"Retired in the western United States.  Attended the Univerisity of Virginia Engineering School. Enjoy astronomy, baseball, jazz music....and Led Zeppelin.","{'link': 'http://twitter.com/download/android', 'name': 'Twitter for Android'}",,[]
107,"@elizabethforma
A 1/8TH CHEROKEE SQUAW HAS COMPLAINED WASHINGTON IS RIGGED FOR THOSE WEALTHY OR CONNECTED TO @ClintonFdn AND @HillaryClinton",futureicon,2016-10-24 18:48:28,Retired Singer & Songwriter / Servant of the Lord Jesus Christ.,"{'link': 'http://twitter.com', 'name': 'Twitter Web Client'}",,[]
108,@avzingel A direct quote by BIA to my grandfather! I'm Choctaw and Cherokee. So according to you I'm calling myself a dirty Indian squaw.,karenjaco1,2016-06-28 19:30:45,"‚ù§Ô∏è Collabro, DES Daughter, 4 LGBTQ Rights ‚ù§Ô∏èMusic and grandchildren","{'link': 'http://twitter.com', 'name': 'Twitter Web Client'}",,[]
109,"I'm an Indian outlaw
1/32 Cherokee and no Choctaw
Told 'em I was a blue-eyed squaw
To make things easier for me https://t.co/TCFP3reYAU
Elizabeth Warren has arrived at Hillary's house. ""I'm an Indian outlaw..."" Sing along, America.",Doc_0,2016-06-10 14:48:43,Writer for Breitbart News; conservative author and commentator,"{'link': 'https://about.twitter.com/products/tweetdeck', 'name': 'TweetDeck'}",,[]
110,"""My great grandmother was 1/4 Cherokee, Redskin and Squaw have never hurt me. It's not offensive anymore."" #GoodIntentionsOfWhitePeople",SeditiousSquirl,2016-05-31 17:20:42,The marshmellow in that cookie is a lie.,"{'link': 'http://twitter.com/download/android', 'name': 'Twitter for Android'}",,['GoodIntentionsOfWhitePeople']
111,@_Tnerb_ @apurposefulwife @rampagelana did ya ever scalp anyone or rape their squaw? My Cherokee and Choctaw kin would like to chat. Outside,scottabeer,2016-02-11 15:54:44,@PoochSec,"{'link': 'http://twitter.com/#!/download/ipad', 'name': 'Twitter for iPad'}",,[]
112,"I love it!
I, myself, am 1/32 Cherokee ... no wait, that would be Squaw Warren ...
and squaw is NOT a pejorative! https://t.co/LXuSl6rdwY
@PaulineRevere @ChuckNellis 
#WakeUpAmerica 
Being part Iroquois, I am happy  that Native Americans are honored everywhere. GO REDSKINS!",PaulineRevere,2015-07-09 01:04:24,"Constitutional Conservative
American patriot.
God bless the Founders and the USA!","{'link': 'http://twitter.com', 'name': 'Twitter Web Client'}",,[]
113,"@BennyKubelsky She neither hot,nor Cherokee,and the squaw thing is highly debatable.",joeyhutson,2015-01-09 20:34:25,"Gamecock ,self employed drywall contractor, autism dad, Mountain biker Road biker","{'link': 'http://twitter.com', 'name': 'Twitter Web Client'}",,[]
114,"Oh look! It's Lizness EverMean, MockingCra(Cra) @bitingtea: Cherokee Squaw Skilled With Bow And Arrow http://t.co/lh7p77kIWG",tnacgal,2014-12-13 16:57:47,Being Conservative doesn't make me Right but I'm sure not Left! I‚Äôm not a perfect Christian but I‚Äôve got a great retirement plan! #MAGA Happily Married! #KAG,"{'link': 'http://twitter.com/download/iphone', 'name': 'Twitter for iPhone'}",,[]
115,"A Cherokee chief had three wives, each of whom was pregnant...: The first squaw gave birth to a boy, and the c... http://t.co/CTwxrazyz5",Godzygodzy,2014-09-27 17:43:56,A gentle fellow from the black continent. Proudly a Nigerian Giant of Africa Loves meeting new people.,"{'link': 'http://twitterfeed.com', 'name': 'twitterfeed'}",,[]
116,"A Cherokee chief had three wives, each of whom was pregnant...: The first squaw gave birth to a boy, and the c... http://t.co/Xj7fenwOuy",DirkDresden,2014-09-27 17:43:56,GOL Lucha and EWC roster jackass.,"{'link': 'http://twitterfeed.com', 'name': 'twitterfeed'}",,[]
117,"A Cherokee chief had three wives, each of whom was pregnant...: The first squaw gave birth to a boy, and the c... http://t.co/ASvnTulV6i",xBlackbeard,2014-09-27 17:43:55,"üè¥‚Äç‚ò†Ô∏è Official Blackbeard Twitter üè¥‚Äç‚ò†Ô∏è The Dread Pirate King üè¥‚Äç‚ò†Ô∏è I'm not Ray Stevenson, mateys üè¥‚Äç‚ò†Ô∏è Verify me cowards! üè¥‚Äç‚ò†Ô∏è #fan","{'link': 'http://twitterfeed.com', 'name': 'twitterfeed'}",,[]
118,@sadiehawke1108 Ugh! Cherokee Squaw make heap good President commander and #Chief http://t.co/c1ZrO2skvz . http://t.co/6enPulepEd,damiankucich,2014-07-18 00:27:28,"Pro-life Catholic; socially conservative. I oppose any and all animal cruelty or abuse, I value our environment I dont follow or RT  businesses Pray the Rosary","{'link': 'http://twitter.com', 'name': 'Twitter Web Client'}",,['Chief']
119,"I'm at buck and squaw (Cherokee, NC) http://t.co/iehTF7QHrD",DarrellHowell,2014-05-21 18:38:16,Conservative from VA.  We need to get more conservative minded people in all levels of government,"{'link': 'http://foursquare.com', 'name': 'Foursquare'}","{'latitude': 35.47447586, 'longitude': -83.31612396}",[]
120,"""Heap big trouble for squaw who use forked tongue to get college and other benefits."" ‚Äî standtallall http://t.co/qbFSNkZlae",r1944gmailcom,2014-04-22 13:21:28,"A voice in the wilderness NA , .@MAGA Sworn to uphold my oath.","{'link': 'https://dev.twitter.com/docs/tfw', 'name': 'Twitter for Websites'}",,[]
121,only a 1/32 cherokee squaw could be this stupid AND a harvard prof. @HuffPostPol Elizabeth Warren seeks to boldly reinvent the Post Office,jarsthemule,2014-02-02 14:54:59,contrarian. libertarian. statistician.,"{'link': 'http://twitter.com', 'name': 'Twitter Web Client'}",,[]
122,Oh man my little squaw turns 5 today~the only of my spawn that took to her mother's Cherokee and Houma roots~how I love my little Moo!!,pathazard,2013-09-24 22:53:23,"I am about God, family, &community-if you take care of the 3 what else is there? Husband, dad, minister, teacher, counselor, worship leader, blogger, songwriter","{'link': 'http://twitter.com', 'name': 'Twitter Web Client'}",,[]
123,@toto58  well I am Indian(cherokee) doesn't bother me when people have called me squaw or other names I AM SOUTHERN AND DAMN PROUD OF IT,ladiharli,2013-06-24 20:37:08,"Love GOD,Family,COUNTRY, NASCAR my Doxie and Harley's LOVE DALE JR.#NASCARFOLLOWBACK","{'link': 'https://dev.twitter.com/docs/tfw', 'name': 'Twitter for Websites'}",,[]
124,"Cherokee Squaw is included in this Great Collection!
Beautiful Greens, Blues and Browns by Julia  Laughlin http://t.co/9RSZWbPAeD via @Etsy",AuntBsAttic,2013-04-04 16:39:20,"A knitter and yarn junkie, loves animals & nature, bright colors, warm & fuzzies, Rainbows & Butterflies, and Coffee !","{'link': 'https://dev.twitter.com/docs/tfw', 'name': 'Twitter for Websites'}",,[]
125,"When I saw my jeans said 'Cherokee'on the label,I did a rain dance and told my Squaw the tepee was a mess and clean it up quick.",amiabilly,2013-03-17 10:30:21,,"{'link': 'https://mobile.twitter.com', 'name': 'Twitter Web App'}",,[]
126,"@thatMrGguy I prefer Half-Breed, as I am 1/16th Cherokee and the white man always called me Indian squaw...wait!...what!?!",BobBelvedere,2013-02-23 00:52:57,"A Renaissance Man striving to be A Man For All Seasons.  #OUTLAW
Author: 'On The Causes & Effects Of THE PRESENT CRISIS In America' http://thepresentcrisis.org","{'link': 'https://about.twitter.com/products/tweetdeck', 'name': 'TweetDeck'}",,[]
127,"Woke to find my Cherokee Squaw included in this Gorgeous Collection!
Surf and Turf by ArtWildflowers http://t.co/hWadKQHQ via @Etsy",AuntBsAttic,2013-01-27 13:09:32,"A knitter and yarn junkie, loves animals & nature, bright colors, warm & fuzzies, Rainbows & Butterflies, and Coffee !","{'link': 'https://dev.twitter.com/docs/tfw', 'name': 'Twitter for Websites'}",,[]
128,Just found out my mom is an honorary Cherokee Squaw. And she's got the feathers to prove it.,griffikii,2013-01-05 01:23:41,,"{'link': 'http://twitter.com/download/iphone', 'name': 'Twitter for iPhone'}",,[]
129,"YEAH I AM CHEROKEE, BLACKFOOT, SQUAW AND AFRICAN THEY FUCKED OVER US ALL",JIMEMAC03,2012-11-20 12:59:18,Founder/Ceo/President Gerch Entertainment..... Support My New Single Father Forgive Me http://nervedjsmixtapes.com/djservice/Jim-E-MacFatherForgiveMe-223.htm,"{'link': 'http://twitter.com', 'name': 'Twitter Web Client'}",,[]
130,"US company pulls Sassy Squaw kid's Halloween costume from sales. No word about others like Cheeky Cherokee or ""Indian Brave and Maiden.""",APTNNews,2012-10-29 13:27:59,Covering the stories that others won't.,"{'link': 'http://twitter.com', 'name': 'Twitter Web Client'}",,[]
131,"Company pulls 'Sassy Squaw' costume and issues apology. ""Cheeky Cherokee"" still available. http://t.co/0PJaeOXd #halloween",jana_pruden,2012-10-28 14:30:37,"Crime and feature writer at The Globe and Mail. Journalism instructor at MacEwan University. Believer in facts, truth, journalism. jpruden@globeandmail.com","{'link': 'https://dev.twitter.com/docs/tfw', 'name': 'Twitter for Websites'}",,['halloween']
132,"Obama and Elizabeth Warren...the half assed black guy and the 1/32 Cherokee squaw are liars, cheats, and thieves! http://t.co/qB1lLvPy",Obacalypse,2012-08-04 00:22:21,"Anti-communist, conservative.  Reagan-ite, dislike liberals a-LOT, want to fundamentally transform America BACK to what our Founding Fathers built!","{'link': 'http://www.apple.com', 'name': 'YouTube on iOS'}",,[]
133,@jihouka im part gypsy half minotaur and my granma was a cherokee squaw princess adopted by chinese giraffes,kuwabarbara,2012-06-22 14:05:14,me llamo peggy hill,"{'link': 'http://twitter.com/download/android', 'name': 'Twitter for Android'}",,[]
134,"Fly Me ‚Ä¶ an Eagle
Born to a Portuguese/French trapper and a Cherokee squaw (the daughter of her tribe's medicine... http://t.co/HhgqdiWY",SandraSCorona,2012-01-28 17:48:51,"Illustrate my poetry books, artist, short story writer","{'link': 'http://www.facebook.com/twitter', 'name': 'Facebook'}",,[]
135,"Thanks! And nah, he gta lot of Cherokee. He look like a squaw. Lol
RT @_breezy21: @B_Hud1908 cute! is he Asian? lol #lightskinnedbaby",B_Hud1908,2012-01-21 20:20:05,"Brittany Hudson, MPH
Doctoral Student and Researcher
Baylor Alum. Boston SPH Alum. üåüOESüåü Sic'Em Bears. Go Razorbacks. SkeeWeeüíóüíö","{'link': 'http://www.echofon.com/', 'name': 'Echofon'}",,['lightskinnedbaby']
136,"New Etsy Item - Cherokee Vintage Linen Postcard - Cherokee Squaw and Papoose, Great Smoky Mountains http://t.co/Pu4hJlni",fikesfuntiques,2011-12-02 14:22:47,Fike's Funtiques has been in the antique business for more than 35 years. Vintage postcards are our specialty.,"{'link': 'http://twitterfeed.com', 'name': 'twitterfeed'}",,[]
137,@AFC_Brandy Wow. Supposedly there is some Cherokee in us my grandmother looked like a squaw and I can row a canoe,iplitigate,2011-11-24 11:52:07,"Chair: GA Bar Trade Secrets Cmte: intellectual property, business and employment disputes. Yale Law grad;Tweets not advice. AU, Tulane,Braves. MidLaw partner","{'link': 'http://stone.com/Twittelator', 'name': 'Twittelator'}",,[]
138,"@stevesearle thank u steve, so glad u enjoyed it. And savour every moment of that Cherokee squaw. :-)",mogster,2011-06-13 08:49:30,"Playwright and mum. Nunhead, Peckham, South East London dweller. Plays include Belongings/The Wasp/Emilia and various others represented by @dhamedia (She/Her)","{'link': 'http://twitter.com/download/iphone', 'name': 'Twitter for iPhone'}",,[]
139,"@websquaw squaw means whore in cherokee of which I am and it is offensive I believe it would be in Algonquin in the context""woman""",sickandtireddc,2011-05-29 23:06:45,"Retired psychotherapist and Vet serving other vets 25 years author Conduct Unbecoming, Rape, Torture, PTSD,,  TIMELY Book  AMERICA AT THE GATES OF HELL !","{'link': 'http://twitter.com', 'name': 'Twitter Web Client'}",,[]
140,Please go watch this video and push thumbs up! Would a cherokee squaw lie? nope its good.. http://youtu.be/PsYv5tDxDW8 RT,sweetsdreaming,2010-11-04 01:43:00,Eccentric Cherokee... Loves music and nature... and fun loving people.. if you can't do people good.. certainly don't cause them harm.,"{'link': 'http://twitter.com', 'name': 'Twitter Web Client'}",,[]
141,"@graphiclucidity we are IRISH twins, not Identical.  She looks like a Cherokee Squaw and I look like Marilynn Monroe with dark locks",LenaNemo,2010-11-04 01:43:00,Oneironaut. I tweet about the pursuit of lucid dreams and happiness,"{'link': 'http://twitter.com', 'name': 'Twitter Web Client'}",,[]
142,"@PraiseGodga it's not purple!!! and no i'm not pale, i couldn't get sunburn if i tried. i'm an ~indian cherokee squaw princess~ mmkay. lolol",kuwabarbara,2010-11-04 01:42:58,me llamo peggy hill,"{'link': 'http://twitter.com', 'name': 'Twitter Web Client'}",,[]
143,"Legs shaved, eyebrows plucked. Coming from the DNA of the Swedish Chef, a Cherokee squaw, German Immigrants and Sasquatch is no picnic.",bizzybee,2010-11-04 01:42:55,"So many flowers, so little time...","{'link': 'http://twitter.com', 'name': 'Twitter Web Client'}",,[]
144,"Best song by the Cherokee Clash?
I fought the squaw and the squaw won.

And #MichaelJackson is still dead. #Nonce #DancingFool",TopManFatChav,2010-11-04 01:42:55,Head Doorman at http://FatChav.com,"{'link': 'http://twitter.com', 'name': 'Twitter Web Client'}",,"['MichaelJackson', 'Nonce', 'DancingFool']"
145,Blimey. Jane Torvill has the face of a 1000 year old Cherokee Squaw / kindly nan and the body of a babe.,paulnicholls,2010-11-04 01:42:54,"Solicitor/HCA - dually qualified Barrister (non practising).  Nicholls Brimble Bhol, Solicitors, Birmingham and the Black Country
http://www.nbblaw.co.uk","{'link': 'http://twitter.com', 'name': 'Twitter Web Client'}",,[]
